-- Demo admin user (local dev only)
-- Email: admin@nourbeauty.com  |  Password: admin1234
-- Token columns must be '' not NULL or login fails (Go scan error).
INSERT INTO auth.users (
  id, instance_id, email, encrypted_password,
  email_confirmed_at, created_at, updated_at,
  raw_app_meta_data, raw_user_meta_data,
  is_super_admin, role, aud,
  confirmation_token, recovery_token,
  email_change, email_change_token_new
) VALUES (
  'b0000000-0000-0000-0000-000000000001',
  '00000000-0000-0000-0000-000000000000',
  'admin@nourbeauty.com',
  crypt('admin1234', gen_salt('bf')),
  NOW(), NOW(), NOW(),
  '{"provider":"email","providers":["email"]}', '{}',
  false, 'authenticated', 'authenticated',
  '', '',
  '', ''
);

INSERT INTO auth.identities (
  id, user_id, provider_id, identity_data, provider,
  created_at, updated_at, last_sign_in_at
) VALUES (
  'b0000000-0000-0000-0000-000000000001',
  'b0000000-0000-0000-0000-000000000001',
  'admin@nourbeauty.com',
  jsonb_build_object('sub', 'b0000000-0000-0000-0000-000000000001', 'email', 'admin@nourbeauty.com'),
  'email',
  NOW(), NOW(), NOW()
);
INSERT INTO public.tenants (id,slug,name,name_en,description,logo_url,brand_color,phone,created_at) VALUES ('a0000000-0000-0000-0000-000000000001', 'nour-beauty', 'صالون نور للتجميل', 'Nour Beauty Salon', 'صالون نسائي متخصص في العناية بالشعر والأظافر والبشرة في الرياض', NULL, '#C9A87C', '+966501234567', DEFAULT);
INSERT INTO public.tenant_settings (id,tenant_id,payment_mode,deposit_percent,max_advance_days) VALUES ('66cbb944-2d1a-5ffd-a080-ee37dbdbcbfd', 'a0000000-0000-0000-0000-000000000001', 'at_salon', 76, 30);
INSERT INTO public.service_categories (id,tenant_id,name,name_en,sort_order) VALUES ('c0000000-0000-0000-0000-000000000001', 'a0000000-0000-0000-0000-000000000001', 'الشعر', 'Hair', 1), ('c0000000-0000-0000-0000-000000000002', 'a0000000-0000-0000-0000-000000000001', 'الأظافر', 'Nails', 2), ('c0000000-0000-0000-0000-000000000003', 'a0000000-0000-0000-0000-000000000001', 'البشرة', 'Skin', 3), ('c0000000-0000-0000-0000-000000000004', 'a0000000-0000-0000-0000-000000000001', 'المكياج', 'Makeup', 4);
INSERT INTO public.services (id,tenant_id,category_id,name,name_en,description,price,duration_minutes,is_active,sort_order,created_at) VALUES ('e0000000-0000-0000-0000-000000000001', 'a0000000-0000-0000-0000-000000000001', 'c0000000-0000-0000-0000-000000000001', 'قص وتصفيف الشعر', 'Haircut & Style', NULL, 150, 60, DEFAULT, 1, DEFAULT), ('e0000000-0000-0000-0000-000000000002', 'a0000000-0000-0000-0000-000000000001', 'c0000000-0000-0000-0000-000000000001', 'صبغة شعر كاملة', 'Full Hair Color', NULL, 350, 120, DEFAULT, 2, DEFAULT), ('e0000000-0000-0000-0000-000000000003', 'a0000000-0000-0000-0000-000000000001', 'c0000000-0000-0000-0000-000000000001', 'كيراتين', 'Keratin Treatment', NULL, 500, 180, DEFAULT, 3, DEFAULT), ('e0000000-0000-0000-0000-000000000004', 'a0000000-0000-0000-0000-000000000001', 'c0000000-0000-0000-0000-000000000001', 'بروتين للشعر', 'Protein Treatment', NULL, 280, 90, DEFAULT, 4, DEFAULT), ('e0000000-0000-0000-0000-000000000005', 'a0000000-0000-0000-0000-000000000001', 'c0000000-0000-0000-0000-000000000002', 'مناكير جل', 'Gel Manicure', NULL, 120, 45, DEFAULT, 1, DEFAULT), ('e0000000-0000-0000-0000-000000000006', 'a0000000-0000-0000-0000-000000000001', 'c0000000-0000-0000-0000-000000000002', 'باديكير', 'Pedicure', NULL, 100, 45, DEFAULT, 2, DEFAULT), ('e0000000-0000-0000-0000-000000000007', 'a0000000-0000-0000-0000-000000000001', 'c0000000-0000-0000-0000-000000000002', 'تطويل أظافر', 'Nail Extensions', NULL, 200, 90, DEFAULT, 3, DEFAULT), ('e0000000-0000-0000-0000-000000000008', 'a0000000-0000-0000-0000-000000000001', 'c0000000-0000-0000-0000-000000000003', 'تنظيف بشرة عميق', 'Deep Cleansing Facial', NULL, 250, 60, DEFAULT, 1, DEFAULT), ('e0000000-0000-0000-0000-000000000009', 'a0000000-0000-0000-0000-000000000001', 'c0000000-0000-0000-0000-000000000003', 'إزالة شعر بالشمع', 'Full Waxing', NULL, 180, 60, DEFAULT, 2, DEFAULT), ('e0000000-0000-0000-0000-000000000010', 'a0000000-0000-0000-0000-000000000001', 'c0000000-0000-0000-0000-000000000004', 'مكياج سهرة', 'Evening Makeup', NULL, 300, 75, DEFAULT, 1, DEFAULT), ('e0000000-0000-0000-0000-000000000011', 'a0000000-0000-0000-0000-000000000001', 'c0000000-0000-0000-0000-000000000004', 'مكياج عرائس', 'Bridal Makeup', NULL, 800, 120, DEFAULT, 2, DEFAULT);
INSERT INTO public.staff (id,tenant_id,name,name_en,photo_url,is_active,created_at) VALUES ('f0000000-0000-0000-0000-000000000001', 'a0000000-0000-0000-0000-000000000001', 'سارة العمري', 'Sara Al-Omari', NULL, DEFAULT, DEFAULT), ('f0000000-0000-0000-0000-000000000002', 'a0000000-0000-0000-0000-000000000001', 'نورة الزهراني', 'Noura Al-Zahrani', NULL, DEFAULT, DEFAULT), ('f0000000-0000-0000-0000-000000000003', 'a0000000-0000-0000-0000-000000000001', 'ريم الشمري', 'Reem Al-Shammari', NULL, DEFAULT, DEFAULT);
INSERT INTO public.staff_services (staff_id,service_id) VALUES ('f0000000-0000-0000-0000-000000000001', 'e0000000-0000-0000-0000-000000000001'), ('f0000000-0000-0000-0000-000000000001', 'e0000000-0000-0000-0000-000000000002'), ('f0000000-0000-0000-0000-000000000001', 'e0000000-0000-0000-0000-000000000003'), ('f0000000-0000-0000-0000-000000000001', 'e0000000-0000-0000-0000-000000000004'), ('f0000000-0000-0000-0000-000000000002', 'e0000000-0000-0000-0000-000000000005'), ('f0000000-0000-0000-0000-000000000002', 'e0000000-0000-0000-0000-000000000006'), ('f0000000-0000-0000-0000-000000000002', 'e0000000-0000-0000-0000-000000000007'), ('f0000000-0000-0000-0000-000000000003', 'e0000000-0000-0000-0000-000000000008'), ('f0000000-0000-0000-0000-000000000003', 'e0000000-0000-0000-0000-000000000009'), ('f0000000-0000-0000-0000-000000000003', 'e0000000-0000-0000-0000-000000000010'), ('f0000000-0000-0000-0000-000000000003', 'e0000000-0000-0000-0000-000000000011');
INSERT INTO public.working_hours (id,tenant_id,staff_id,day_of_week,start_time,end_time,is_working) VALUES ('c08eefae-7038-59af-afe5-9cc2f742f777', 'a0000000-0000-0000-0000-000000000001', NULL, 0, '09:00', '18:00', 't'), ('1285a680-51f8-51d3-9927-73cc8a81fb27', 'a0000000-0000-0000-0000-000000000001', NULL, 1, '09:00', '18:00', 't'), ('6b36eeb6-97b1-5d74-b9b0-790fbd1f48bf', 'a0000000-0000-0000-0000-000000000001', NULL, 2, '09:00', '18:00', 't'), ('15a1c503-6422-54dc-b7df-a865bb1f7a64', 'a0000000-0000-0000-0000-000000000001', NULL, 3, '09:00', '18:00', 't'), ('10bef5ce-df02-5d15-b6a5-e734a4a72a72', 'a0000000-0000-0000-0000-000000000001', NULL, 4, '09:00', '18:00', 't'), ('aa852db7-d1b4-506c-9f1b-5ff5c3457ff7', 'a0000000-0000-0000-0000-000000000001', NULL, 5, '09:00', '18:00', 'f'), ('9d75e553-524e-56c0-a9eb-8330d9c6c3ca', 'a0000000-0000-0000-0000-000000000001', NULL, 6, '09:00', '18:00', 'f');
INSERT INTO tenant_users (user_id, tenant_id) VALUES ('b0000000-0000-0000-0000-000000000001', 'a0000000-0000-0000-0000-000000000001');
